Country;CountryCode;Continent;Population;Birthrate;Deathrate;Life expectancy
Afghanistan;AF;Asia;32564342;38.6;13.9;50.9
Egypt;EG;Africa;88487396;22.9;4.8;73.7
Åland;AX;Europe;29013;0;0;0
Albania;AL;Europe;3029278;12.9;6.6;78.1
Algeria;DZ;Africa;39542166;23.7;4.3;76.6
American Samoa;AS;Oceania;54343;22.9;4.8;75.1
Andorra;AD;Europe;85580;8.1;7;82.7
Angola;AO;Africa;19625353;38.8;11.5;55.6
Anguilla;AI;North America;16418;12.7;4.6;81.3
Antarctica;AQ;Antarctica;0;0;0;0
Antigua and Barbuda;AG;North America;92436;15.9;5.7;76.3
Equatorial Guinea;GQ;Africa;740743;33.3;8.2;63.9
Argentina;AR;South America;43431886;16.6;7.3;77.7
Armenia;AM;Asia;3056382;13.6;9.3;74.4
Aruba;AW;North America;112162;12.6;8.2;76.6
Azerbaijan;AZ;Asia;9780780;16.6;7.1;72.2
Ethiopia;ET;Africa;99465819;37.3;8.2;61.5
Australia;AU;Australia;22751014;12.2;7.1;82.2
Bahamas;BS;North America;324597;15.5;7.1;72.2
Bahrain;BH;Asia;1346613;13.7;2.7;78.7
Bangladesh;BD;Asia;168957745;21.1;5.6;70.9
Barbados;BB;North America;290604;11.9;8.4;75.2
Belarus;BY;Europe;9589689;10.7;13.4;72.5
Belgium;BE;Europe;11323973;11.4;9.6;80.9
Belize;BZ;Central America;347369;24.7;6;68.6
Benin;BJ;Africa;10448647;36;8.2;61.5
Bermuda;BM;North America;70196;11.3;8.2;81.2
Bhutan;BT;Asia;741919;17.8;6.7;69.5
Bolivia;BO;South America;10800882;22.8;6.5;68.9
Bosnia and Herzegovina;BA;Europe;3867055;8.9;9.8;76.5
Botswana;BW;Africa;2182719;21;13.4;54.2
Bouvet Island;BV;Antarctica;0;0;0;0
Brazil;BR;South America;204259812;14.5;6.6;73.5
British Indian Ocean Territory;IO;Africa;0;0;0;0
Brunei;BN;Asia;429646;17.3;3.5;77
Bulgaria;BG;Europe;7186893;8.9;14.4;74.4
Burkina Faso;BF;Africa;18931686;42;11.7;55.1
Burundi;BI;Africa;10742276;42;9.3;60.1
Chile;CL;South America;17508260;13.8;6;78.6
China;CN;Asia;1367485388;12.5;7.5;75.4
Cook Islands;CK;Oceania;9838;14.3;8;75.6
Costa Rica;CR;Central America;4814144;15.9;4.6;78.4
Curacao;CW;America;146836;0;8;78
Denmark;DK;Europe;5581503;10.3;10.3;79.2
Democratic Republic of the Congo;CD;Africa;79375136;34.9;10.1;56.9
Germany;DE;Europe;80854408;8.5;11.4;80.6
Dominica;DM;North America;73607;15.4;7.9;76.8
Dominican Republic;DO;North America;10478756;18.7;4.6;78
Djibouti;DJ;Africa;828324;23.7;7.7;62.8
Ecuador;EC;South America;15868396;18.5;5.1;76.6
El Salvador;SV;Central America;6141350;16.5;5.7;74.4
Ivory Coast;CI;Africa;23295302;28.7;9.6;58.3
Eritrea;ER;Africa;6527689;30;7.5;63.8
Estonia;EE;Europe;1265420;10.5;12.4;76.5
Falkland Islands;FK;South America;3361;0;0;0
Faroe Islands;FO;Europe;50196;13.8;8.7;80.2
Fiji;FJ;Oceania;909389;19.4;6;72.4
Finland;FI;Europe;5476922;10.7;9.8;80.8
France;FR;Europe;66553766;12.4;9.2;81.8
French Guiana;GF;South America;181000;0;0;76.1
French Polynesia;PF;Oceania;282703;15.2;5;77
French Southern and Antarctic Lands;TF;Antarctica;0;0;0;0
Gabon;GA;Africa;1705336;34.5;13.1;52
Gambia;GM;Africa;1967709;30.9;7.2;64.6
Georgia;GE;Asia;4931226;12.7;10.8;76
Ghana;GH;Africa;26327649;31.1;7.2;66.2
Gibraltar;GI;Europe;29258;14.1;8.4;79.3
Grenada;GD;North America;110694;16;8.1;74
Greece;GR;Europe;10775643;8.7;11.1;80.4
Greenland;GL;North America;57733;14.5;8.5;72.1
Guadeloupe;GP;North America;456000;0;0;77
Guam;GU;Oceania;161785;16.8;5.1;79
Guatemala;GT;Central America;14918999;24.9;4.8;72
Guernsey;GG;Europe;66080;9.8;8.8;82.5
Guinea;GN;Africa;11780162;35.7;9.5;60.1
Guinea-Bissau;GW;Africa;1726170;33.4;14.3;50.2
Guyana;GY;South America;735222;15.6;7.3;68.1
Haiti;HT;North America;10110019;22.3;7.8;63.5
Heard Island and McDonald Islands;HM;Antarctica;0;0;0;0
Honduras;HN;Central America;8746673;23.1;5.2;71
Hong Kong;HK;Asia;7141106;9.2;7.1;82.9
India;IN;Asia;1251695584;19.6;7.3;68.1
Indonesia;ID;Asia;255993674;16.7;6.4;72.5
Isle of Man;IM;Europe;87545;11.1;10.1;81.1
Iraq;IQ;Asia;37056169;31.5;3.8;74.8
Iran;IR;Asia;81824270;18;5.9;71.2
Ireland;IE;Europe;4892305;14.8;6.5;80.7
Iceland;IS;Europe;331918;13.9;6.3;83
Israel;IL;Asia;8049314;18.5;5.2;82.3
Italy;IT;Europe;61855120;8.7;10.2;82.1
Jamaica;JM;North America;2950210;18.2;6.7;73.5
Japan;JP;Asia;126919659;7.9;9.5;84.7
Yemen;YE;Asia;26737317;30;6.3;65.2
Jersey;JE;Europe;97294;11.9;7.7;81.8
Jordan;JO;Asia;8117564;25.4;3.8;74.3
British Virgin Islands;VG;North America;33454;10.9;5;78.5
Virgin Islands;VI;North America;103574;10.3;8.5;79.9
Cayman Islands;KY;North America;56092;12.1;5.5;81.1
Cambodia;KH;Asia;15708756;23.8;7.7;64.1
Cameroon;CM;Africa;23739218;36.2;10.1;57.9
Canada;CA;North America;35099836;10.3;8.4;81.8
Cape Verde;CV;Africa;545993;20.3;6.1;71.8
Kazakhstan;KZ;Asia;18157122;19.2;8.2;70.5
Qatar;QA;Asia;2194817;9.8;1.5;78.6
Kenya;KE;Africa;45925301;26.4;6.9;63.8
Kyrgyzstan;KG;Asia;5664939;23;6.7;70.4
Kiribati;KI;Oceania;105711;21.5;7.1;65.8
Cocos Islands;CC;Australia;596;0;0;0
Colombia;CO;South America;46736728;16.5;5.4;75.5
Comoros;KM;Africa;780971;27.8;7.6;63.9
Republic of the Congo;CG;Africa;4755097;35.9;10;58.8
Kosovo;XK;Europe;1870981;0;0;69
Croatia;HR;Europe;4464844;9.5;12.2;76.6
Cuba;CU;North America;11031433;9.9;7.7;78.4
Kuwait;KW;Asia;2788534;19.9;2.2;77.8
Laos;LA;Asia;6911544;24.3;7.6;63.9
Lesotho;LS;Africa;1947701;25.5;14.9;52.9
Latvia;LV;Europe;1986705;10;14.3;74.2
Lebanon;LB;Asia;6184701;14.6;4.9;77.4
Liberia;LR;Africa;4195666;34.4;9.7;58.6
Libya;LY;Africa;6411776;18;3.6;76.3
Liechtenstein;LI;Europe;37624;10.5;7.1;81.8
Lithuania;LT;Europe;2884433;10.1;14.3;74.7
Luxembourg;LU;Europe;570252;11.4;7.2;82.2
Macau;MO;Asia;592731;8.9;4.2;84.5
Madagascar;MG;Africa;23812681;32.6;6.8;65.5
Malawi;MW;Africa;17964697;41.6;8.4;60.7
Malaysia;MY;Asia;30513848;19.7;5;74.8
Maldives;MV;Asia;393253;15.8;3.9;75.4
Mali;ML;Africa;16955536;45;12.9;55.3
Malta;MT;Europe;413965;10.2;9.1;80.2
Morocco;MA;Africa;33322699;18.2;4.8;76.7
Marshall Islands;MH;Oceania;72191;25.6;4.2;72.8
Martinique;MQ;North America;395000;0;0;78.3
Mauritania;MR;Africa;3596702;31.3;8.2;62.6
Mauritius;MU;Africa;1339827;13.3;6.9;75.4
Mayotte;YT;Africa;223765;39.3;0;62.9
Macedonia;MK;Europe;2096015;11.6;9.1;76
Mexico;MX;North America;121736809;18.8;5.3;75.7
Micronesia, Federated States of;FM;Oceania;105216;20.5;4.2;72.6
Moldova;MD;Europe;3546847;12;12.6;70.4
Monaco;MC;Europe;30535;6.7;9.2;89.5
Mongolia;MN;Asia;2992908;20.3;6.4;69.3
Montenegro;ME;Europe;647073;10.4;9.4;0
Montserrat;MS;North America;5241;11.3;6.3;74.1
Mozambique;MZ;Africa;25303113;38.6;12.1;52.9
Burma;MM;Asia;56320206;18.4;8;66.3
Namibia;NA;Africa;2212307;19.8;13.9;51.6
Nauru;NR;Oceania;9540;25;5.9;66.8
Nepal;NP;Asia;31551305;20.6;6.6;67.5
New Caledonia;NC;Oceania;271615;15.3;5.5;77.5
New Zealand;NZ;Australia;4438393;13.3;7.4;81
Nicaragua;NI;Central America;5907881;18;5.1;73
Netherlands;NL;Europe;16947904;10.8;8.7;81.2
Netherlands Antilles;AN;North America;227049;14.2;0;76.7
Niger;NE;Africa;18045729;45.5;12.4;55.1
Nigeria;NG;Africa;181562056;37.6;12.9;53
Niue;NU;Oceania;1190;0;0;0
North Korea;KP;Asia;24983205;14.5;9.2;70.1
Northern Mariana Islands;MP;Oceania;52344;18.3;3.7;77.8
Norfolk Island;NF;Australia;2210;0;0;0
Norway;NO;Europe;5207689;12.1;8.1;81.7
Oman;OM;Asia;3286936;24.4;3.4;75.2
Austria;AT;Europe;8665550;9.4;9.4;81.4
Timor-Leste;TL;Asia;1231116;34.2;6.1;67.7
Pakistan;PK;Asia;199085847;22.6;6.5;67.4
Palestine;PS;Asia;2731052;23.4;3.5;75.7
Palau;PW;Oceania;21265;11.1;8;72.9
Panama;PA;Central America;3657024;18.3;4.8;78.5
Papua New Guinea;PG;Oceania;6672429;24.4;6.5;67
Paraguay;PY;South America;6783272;16.4;4.7;77
Peru;PE;South America;30444999;18.3;6;73.5
Philippines;PH;Asia;100998376;24.3;6.1;69
Pitcairn Islands;PN;Oceania;48;0;0;0
Poland;PL;Europe;38562189;9.7;10.2;77.4
Portugal;PT;Europe;10825309;9.3;11;79.2
Puerto Rico;PR;North America;3598357;10.9;8.7;79.2
Reunion;RE;Africa;699000;0;0;72.7
Rwanda;RW;Africa;12661733;33.8;9;59.7
Romania;RO;Europe;21666350;9.1;11.9;74.9
Russia;RU;Europe;142423773;11.6;13.7;70.5
Solomon Islands;SB;Oceania;622469;25.8;3.9;75.1
Zambia;ZM;Africa;15066266;42.1;12.7;52.1
Samoa;WS;Oceania;197773;20.9;5.3;73.5
San Marino;SM;Europe;33020;8.6;8.5;83.2
Saint Barthelemy;BL;America;7237;0;0;0
Sao Tome and Principe;ST;Africa;194006;34.2;7.2;64.6
Saudi Arabia;SA;Asia;27752316;18.5;3.3;75
Sweden;SE;Europe;9801616;12;9.4;82
Switzerland;CH;Europe;8121830;10.5;8.1;82.5
Senegal;SN;Africa;13975834;34.5;8.5;61.3
Serbia;RS;Europe;7176794;9.1;13.7;75.3
Seychelles;SC;Africa;92430;14.2;6.9;74.5
Sierra Leone;SL;Africa;5879098;37;10.8;57.8
Zimbabwe;ZW;Africa;14229541;32.3;10.1;57
Singapore;SG;Asia;5674472;8.3;3.4;84.7
Saint Martin;SX;America;39689;13;4.5;77.6
Slovakia;SK;Europe;5445027;9.9;9.7;76.9
Slovenia;SI;Europe;1983412;8.4;11.4;78
Somalia;SO;Africa;10616380;40.5;13.6;52
Spain;ES;Europe;48146134;9.6;9;81.6
Sri Lanka;LK;Asia;22053488;15.9;6.1;76.6
Saint Helena, Ascension and Tristan da Cunha;SH;Africa;7795;9.9;7.4;79.4
Saint Kitts and Nevis;KN;North America;51936;13.5;7.1;75.5
Saint Lucia;LC;North America;163922;13.7;7.4;77.6
Saint Pierre and Miquelon;PM;North America;5657;7.4;9.7;80.4
Saint Vincent and the Grenadines;VC;North America;102627;13.6;7.2;75.1
South Africa;ZA;Africa;53675563;20.8;9.9;62.3
Sudan;SD;Africa;36108853;29.2;7.7;63.7
South Georgia and South Sandwich Islands;GS;Antarctica;30;0;0;0
South Korea;KR;Asia;49115196;8.2;6.8;80
South Sudan;SS;Africa;12042910;36.9;8.2;0
Suriname;SR;South America;579633;16.3;6.1;72
Svalbard;SJ;Europe;1872;0;0;0
Swaziland;SZ;Africa;1435613;24.7;13.6;51
Syria;SY;Asia;17064854;22.2;4;74.7
Tajikistan;TJ;Asia;8191958;24.4;6.2;67.4
Taiwan;TW;Asia;23415126;8.5;7.1;80
Tanzania;TZ;Africa;51045882;36.4;8;61.7
Thailand;TH;Asia;67976405;11.2;7.8;74.4
Togo;TG;Africa;7552318;34.1;7.3;64.5
Tokelau;TK;Oceania;1337;0;0;0
Tonga;TO;Oceania;106501;23;4.9;76
Trinidad and Tobago;TT;North America;1222363;13.5;8.6;72.6
Chad;TD;Africa;11631456;36.6;14.3;49.8
Czech Republic;CZ;Europe;10644842;9.6;10.3;78.5
Tunisia;TN;Africa;11037225;16.6;6;75.9
Turkey;TR;Asia;79414269;16.3;5.9;74.6
Turkmenistan;TM;Asia;5231422;19.4;6.1;69.8
Turks and Caicos Islands;TC;North America;50280;16.1;3.1;79.7
Tuvalu;TV;Oceania;10869;23.7;8.7;66.2
Uganda;UG;Africa;37101745;43.8;10.7;54.9
Ukraine;UA;Europe;44429471;10.7;14.5;71.6
Hungary;HU;Europe;9897541;9.2;12.7;75.7
Uruguay;UY;South America;3341893;13.1;9.5;77
Uzbekistan;UZ;Asia;29199942;17;5.3;73.5
Vanuatu;VU;Oceania;272264;25;4.1;73.1
Holy See (Vatican City);VA;Europe;842;0;0;0
Venezuela;VE;South America;29275460;19.2;5.3;74.5
United Arab Emirates;AE;Asia;5779760;15.4;2;77.3
United States;US;North America;321368864;12.5;8.2;79.7
United Kingdom;GB;Europe;64088222;12.2;9.4;80.5
Vietnam;VN;Asia;94348835;16;5.9;73.2
Wallis and Futuna;WF;Oceania;15613;13.5;5.1;79.6
Christmas Island;CX;Australia;1530;0;0;0
Western Sahara;EH;Africa;570866;30.2;8.3;62.6
Central African Republic;CF;Africa;5391539;35.1;13.8;51.8
Cyprus;CY;Asia;1189197;11.4;6.6;78.5
